<configuration>

  <property name="HOME_LOG" value="../logs/opto-connect-hcd-adapter.log"/>

  <appender name="FILE-ROLLING" class="ch.qos.logback.core.rolling.RollingFileAppender">
    <file>${HOME_LOG}</file>

    <rollingPolicy class="ch.qos.logback.core.rolling.SizeAndTimeBasedRollingPolicy">
      <fileNamePattern>logs/%d{yyyy-MM, aux}/app.%d{yyyy-MM-dd}.%i.log</fileNamePattern>
      <maxFileSize>10MB</maxFileSize>
      <totalSizeCap>20GB</totalSizeCap>
      <maxHistory>60</maxHistory>
    </rollingPolicy>

    <encoder>
      <pattern>%d %p %c{1} [%t] %m%n</pattern>
    </encoder>

  </appender>

  <appender name="CONSOLE" class="ch.qos.logback.core.ConsoleAppender">
    <encoder>
      <pattern>%d %p %c{1} [%t] %m%n</pattern>
    </encoder>
  </appender>

  <logger name="com.kpi" level="debug" additivity="false">
    <appender-ref ref="FILE-ROLLING"/>
  </logger>

  <root level="error">
    <appender-ref ref="FILE-ROLLING"/>
  </root>

</configuration>
